uf;nome;regiao;periodo_rreo;periodo_rgf;populacao;receita_corrente;transf_correntes;transf_corr_uniao;desp_corrente_liq;desp_corrente_emp;pessoal_emp;pessoal_liq;invest_liq;invest_emp;rcl;desp_primaria_liq;desp_primaria_emp;saude_liq;educacao_liq;seguranca_liq;saude_emp;educacao_emp;seguranca_emp;dcl;dc;rcl_rgf;dcl_pct_rcl_rgf;dtp_pct_rcl_rgf;i1_invest_rcl;i2_transf_reccorr;i3_pessoal_rcl;i4_despcorr_reccorr;social_liq;i5_social_despprim;i6_dcl_rcl
AC;Acre;N;6;3;829780;12380220873.7;8415358984.01;7040826604.95;11175461534.11;11451315878.63;6499605350.85;6477257612.38;621703061.58;832767912.35;11290138605.03;12443484598.6;12934721606.62;2359189999.0;2998742829.37;1414587720.5900002;2440512121.7;3096951295.8399997;1511793432.76;1485694991.17;3159266815.39;11230515718.08;13.23;47.99;5.51;67.97;57.57;90.27;6772520548.96;54.43;13.23
AL;Alagoas;NE;6;3;3125254;19747379519.7;10497840345.58;9235864021.86;16492576090.03;17251223075.37;9694116871.68;9524470736.48;1788617303.69;2574817038.14;18967280537.43;18377518204.56;19985053447.18;3041605492.98;2746053002.1299996;2600922703.8599997;3224686256.88;3313157220.39;2696908674.96;13549741920.48;15551015948.54;18963580537.43;71.45;38.77;9.43;53.16;51.11;83.52;8388581198.969999;45.65;71.45
AM;Amazonas;N;6;3;3952262;34593857409.42;10553025126.97;8233856962.08;32143280340.26;32571475992.12;13098406886.86;13088124501.63;1241210890.31;1419336817.33;28566006549.35;33550905841.15;34167537650.73;5414667161.88;6362022974.54;3435611101.44;5525397581.37;6541749154.099999;3540723571.99;7534524307.58;10842468615.07;28525081741.78;26.41;38.09;4.35;30.51;45.85;92.92;15212301237.86;45.34;26.41
AP;Amapá;N;6;3;774268;11532445916.94;7464943698.6;6348409373.94;9651080819.98;9948352756.58;5992241960.53;5981693296.28;723861597.88;1041248407.7;9704126943.38;10420683315.3;11037275718.28;2261115315.1800003;2172129310.54;1117275244.43;2331174645.82;2367098937.96;1168300960.04;-771540321.56;4982131341.57;9693533943.38;-7.96;38.46;7.46;64.73;61.75;83.69;5550519870.150001;53.26;-7.96
BA;Bahia;NE;6;3;14659023;72438709193.88;27919800179.58;23420922556.78;65030948342.52;66245162826.03;37066554724.63;36880674720.79;7369038232.51;7965636990.32;68995621759.51;75775469200.87;77357479179.27;14859193591.029999;13954582414.22;7864225182.81;15201930040.150002;14537093909.58;8104123675.2;24569330296.45;34741201081.59;68871916334.2;35.67;40.36;10.68;38.54;53.72;89.77;36678001188.06;48.4;35.67
CE;Ceará;NE;6;3;8936431;41573040064.24;18081964515.28;15558386254.42;36889382367.68;38167720030.47;21026583386.04;20960021023.49;4155179118.91;4731372662.17;39618216873.59;43594216964.51;45600279522.7;7384821480.36;7539627484.58;6162233480.4800005;7880854818.53;7971536958.83;6357461182.03;11968573704.41;19769020293.28;39565576604.51;30.25;40.92;10.49;43.49;53.07;88.73;21086682445.42;48.37;30.25
DF;Distrito Federal;CO;6;3;2923369;38539795255.71;6715371031.67;3268893145.4;36173389523.61;37450474684.46;19379746596.36;19170302702.17;1833483393.14;2248713738.62;39201192140.12;41217257992.19;42940557545.0;7097199262.7300005;8854925929.48;1780511168.3899999;7532774644.570001;9077189266.33;1897039631.8;6221218399.07;9386032883.67;39090948038.61;15.91;41.46;4.68;17.42;49.44;93.86;17732636360.6;43.02;15.91
ES;Espírito Santo;SE;6;3;3975100;29537736122.86;8092696776.62;5983184620.62;22889957899.57;23636803813.82;12735062133.69;12709913852.11;4166401114.91;5187327636.93;28084840124.16;28273694504.63;30049344062.34;5470357565.74;3699478607.09;2876915087.18;5713505383.81;3981228914.92;3108976918.92;-14728876229.25;8291329777.21;28056831874.16;-52.5;35.41;14.84;27.4;45.34;77.49;12046751260.01;42.61;-52.5
GO;Goiás;CO;6;3;6950976;47629457560.08;10583548633.96;6618669105.23;43923744546.68;44744622331.62;25892990245.17;25887372459.3;5695669457.57;7214997437.81;45370896917.06;50911802808.73;53270111157.38;6218489186.809999;7537637076.190001;5147749839.45;6411840847.85;7852369185.79;5286023730.16;15184347199.87;28420219745.18;45369798234.64;33.47;39.96;12.55;22.22;57.07;92.22;18903876102.45;37.13;33.47
MA;Maranhão;NE;6;3;6800605;33415913948.61;18339067374.36;16545475005.35;26973826429.71;27565112701.25;14616024449.34;14467769318.31;4544809121.83;5226791062.26;32451618353.68;32771174009.16;34144918322.17;5341333909.679999;6172547250.84;2363963215.87;5539727569.09;6538541218.22;2462209864.83;1734670640.67;7865478241.76;32444317688.68;5.35;30.14;14.0;54.88;45.04;80.72;13877844376.39;42.35;5.35
MG;Minas Gerais;SE;6;3;20732660;116607690523.6;24265036018.35;11478405981.26;102837474531.11;105453158703.27;72766091857.63;72760560961.13;6563089695.22;8342695185.89;111739462561.63;120535621499.05;124985389902.7;18340220837.78;21301878691.66;25378163646.09;19613707887.59;21581085818.230003;26015824262.309998;187101497500.28;213515242948.53;111728299446.62;167.46;48.22;5.87;20.81;65.12;88.19;65020263175.53;53.94;167.46
MS;Mato Grosso do Sul;CO;6;3;2833742;23714121174.09;6368943820.33;3126699924.05;20669591838.08;21182415400.94;13105291617.16;13083898408.26;2481459184.82;2730447766.25;22199300373.82;25453173557.5;26214985701.79;2567423967.0699997;4640361854.75;2270021251.6;2951009668.18;4666101387.77;2463444407.8900003;5533343650.69;10290213671.63;22171422799.89;24.96;44.2;11.18;26.86;59.03;87.16;9477807073.42;37.24;24.96
MT;Mato Grosso;CO;6;3;3784239;39055371177.81;8561489978.73;5295212893.09;30648728636.25;32177313756.56;18382463720.19;18134424693.42;4490360637.54;6106507557.64;37257271565.12;38287629656.12;41481141726.01;5079829019.47;5871050974.95;4060590498.6200004;5582304022.87;6230375026.389999;4291303428.31;-5549777994.38;4432226453.42;37231695580.12;-14.91;36.28;12.05;21.92;49.34;78.48;15011470493.04;39.21;-14.91
PA;Pará;N;6;3;8442962;47095529006.16;19062354914.23;16282897211.66;41639893345.08;41748140960.03;23460570567.62;23460570567.62;5942373888.8;5997167114.58;44705086000.08;50773463565.47;50937179927.49;6620033945.02;9755592905.43;5530089668.63;6660034453.54;9770295607.33;5542324012.650001;4027094059.01;10315582301.12;44688347053.14;9.01;38.07;13.29;40.48;52.48;88.42;21905716519.08;43.14;9.01
PB;Paraíba;NE;6;3;4030961;22087242500.34;10611034168.44;8904053939.85;19500454472.14;19770883691.23;12844189700.32;12844189700.32;2547774888.35;2794473015.57;21120659776.55;23132785320.43;23669793799.49;4043752712.07;4092116870.1299996;2602784743.64;4079451780.8500004;4226847614.78;2693083077.1800003;675407206.91;8388202746.45;21109409596.55;3.2;44.74;12.06;48.04;60.81;88.29;10738654325.84;46.42;3.2
PE;Pernambuco;NE;6;3;9051113;49224648640.69;20187959957.49;16262393747.27;45829549195.03;45829549195.03;25878080447.1;25878080447.1;4328282322.13;4328282322.13;47205580146.41;52407107225.62;52407107225.62;12191758034.68;9239200807.59;4278933519.14;12191758034.68;9239200807.59;4278933519.14;14981516040.5;19504919804.8;47181384933.44;31.75;41.31;9.17;41.01;54.82;93.1;25709892361.41;49.06;31.75
PI;Piauí;NE;6;3;3270174;19568651527.29;10267370041.76;8780905348.7;17822919438.6;18192533067.77;9562051646.22;9519318145.06;3192024671.69;3492968642.84;18732289115.6;22595771820.95;23298240373.49;3707467136.1800003;3878791652.99;2142649339.4299998;3823022453.54;3966054095.85;2214310085.26;13350546206.89;15446811206.43;18712321971.64;71.35;37.8;17.04;52.47;51.05;91.08;9728908128.6;43.06;71.35
PR;Paraná;S;6;3;11835379;74132655140.68;18285040102.01;10117790993.61;64429898833.05;66628781003.5;39324067845.59;38974217878.55;5950616522.28;7167594377.82;71133950007.5;74655474407.83;78340223456.55;9478038111.03;18191210069.05;7607954839.95;10091351375.25;18547372538.78;8185036778.54;-3495237455.97;27326773343.45;71059698108.07;-4.92;42.46;8.37;24.67;55.28;86.91;35277203020.03;47.25;-4.92
RJ;Rio de Janeiro;SE;6;3;16615526;106064389744.5;10658021564.89;6239089356.9;98577100166.59;99515910235.74;63616474040.44;63532679201.34;5409391134.07;5994182874.3;100556162133.43;110175000149.15;111736235444.84;14550707297.2;11863782149.31;17672645869.84;14757846914.86;11970562678.16;18193672719.690002;218405063161.58;237303359171.9;100530210647.79;217.25;45.74;5.38;10.05;63.26;92.94;44087135316.350006;40.02;217.25
RN;Rio Grande do Norte;NE;6;3;3303953;20748221952.85;10123473145.67;8504971347.35;19738713946.64;20057944368.44;15003291892.42;14997034125.53;605189839.8;796159495.23;19513846659.98;22862927147.11;23340520872.79;3158350287.98;3854466345.29;1983489698.8700001;3261441837.35;3887031322.44;2059435471.0900002;9472277218.47;9741591734.36;19509346803.92;48.55;56.41;3.1;48.79;76.89;95.13;8996306332.140001;39.35;48.55
RO;Rondônia;N;6;3;1616379;16611434814.25;7232859337.73;5496060033.14;14081172170.09;15187278078.33;9293128986.15;9167268349.34;565505471.3;1297280899.57;15803769902.64;15699315180.23;17546658732.12;2325908397.04;2622164295.24;2180094376.65;2864863665.44;3035982038.6;2390626169.92;-792923871.56;4278719552.52;15800580902.64;-5.02;38.49;3.58;43.54;58.8;84.77;7128167068.93;45.4;-5.02
RR;Roraima;N;6;3;634805;9261778325.39;6228959914.12;5303188504.04;7954981538.03;8109275353.37;4717887294.06;4707069329.25;296724634.34;532317914.22;8612853167.57;8511880260.09;8907629215.94;1724419107.34;1619712792.88;1028043113.1600001;1739723791.98;1638101813.8600001;1103396157.51;816783155.93;3011608583.87;8587885652.63;9.51;44.8;3.45;67.25;54.78;85.89;4372175013.38;51.37;9.51
RS;Rio Grande do Sul;S;6;3;11088065;69588668829.6;12980922761.2;6759175253.12;61766322325.2;63802542349.7;41236148323.96;41134655841.03;2341594679.44;5359777391.18;65232845641.12;81900318775.39;86964475066.17;12348698608.66;13774658719.1;7997686700.55;12396910510.56;14070935644.43;8574105078.71;113377582604.03;134105266266.76;65146827300.12;174.03;44.16;3.59;18.65;63.21;88.76;34121044028.31;41.66;174.03
SC;Santa Catarina;S;6;3;7762154;53181899958.75;11705331179.63;5384272016.66;45531903516.47;46865219460.9;28009212314.36;27975031044.55;5062338294.6;5713423396.7;51032081150.54;51962279948.6;53955482376.43;8599758665.49;9327541484.71;4070697854.38;9043475077.94;9605229773.050001;4427163974.67;11876883635.5;23381481136.17;50914789959.54;23.33;38.72;9.92;22.01;54.89;85.62;21997998004.579998;42.33;23.33
SE;Sergipe;NE;6;3;2211868;17042955106.0;9296005842.68;7964772650.5;15382740079.99;15563412575.11;8824537664.39;8815202265.65;1075802773.67;1316857143.4;16487993056.83;17246741019.49;17668695663.37;3343190232.48;2546052467.7999997;2044253316.15;3389572371.33;2557565620.18;2159047092.07;1159844920.89;4498646346.28;16474819864.83;7.04;41.23;6.52;54.54;53.52;90.26;7933496016.43;46.0;7.04
SP;São Paulo;SE;6;3;46024937;350722458389.2;44385298358.47;16273484221.73;321203899070.82;331088720279.39;143604913146.88;143575053312.56;11829883529.0;16841959896.12;266221395322.55;341047412013.04;356920003053.68;44583055087.0;73414832107.87001;18786494861.41;46645033743.38;75914141117.81;19465842452.16;330471301118.9;382603718968.85;266021234077.37;124.23;41.29;4.44;12.66;53.94;91.58;136784382056.28001;40.11;124.23
TO;Tocantins;N;6;3;1584306;16629340799.48;8589014593.04;7114509221.69;15420056756.26;15919088127.78;9741492349.12;9733127086.35;711475314.19;1003384295.46;15568042573.26;17122255174.6;17919262532.48;4064073105.6;2511256422.17;1742095988.1699998;4245695175.0600004;2759449648.3300004;1830722044.2;2520931912.96;4793073825.5;15566756073.26;16.19;44.31;4.57;51.65;62.57;92.73;8317425515.940001;48.58;16.19
